Document_ID,Status,In_SAP,In_PDF,Is_Duplicate,File_Path
26100806,MISSING_PDF,YES,NO,NO,
26100811,MISSING_PDF,YES,NO,NO,
26100834,MISSING_PDF,YES,NO,NO,
26100835,MISSING_PDF,YES,NO,NO,
26100836,MISSING_PDF,YES,NO,NO,
26100837,MISSING_PDF,YES,NO,NO,
26100838,MISSING_PDF,YES,NO,NO,
26100843,MISSING_PDF,YES,NO,NO,
26100844,MISSING_PDF,YES,NO,NO,
26100845,MISSING_PDF,YES,NO,NO,
26100846,MISSING_PDF,YES,NO,NO,
26100847,MISSING_PDF,YES,NO,NO,
26100848,MISSING_PDF,YES,NO,NO,
26100849,MISSING_PDF,YES,NO,NO,
26100850,MISSING_PDF,YES,NO,NO,
26100851,MISSING_PDF,YES,NO,NO,
26100853,MISSING_PDF,YES,NO,NO,
26100854,MISSING_PDF,YES,NO,NO,
26100855,MISSING_PDF,YES,NO,NO,
26100856,MISSING_PDF,YES,NO,NO,
26100859,MISSING_PDF,YES,NO,NO,
26100861,MISSING_PDF,YES,NO,NO,
26100881,MISSING_PDF,YES,NO,NO,
26100894,MISSING_PDF,YES,NO,NO,
26100895,MISSING_PDF,YES,NO,NO,
26100896,MISSING_PDF,YES,NO,NO,
26100897,MISSING_PDF,YES,NO,NO,
26100898,MISSING_PDF,YES,NO,NO,
26100899,MISSING_PDF,YES,NO,NO,
26100900,MISSING_PDF,YES,NO,NO,
26100901,MISSING_PDF,YES,NO,NO,
26100902,MISSING_PDF,YES,NO,NO,
26100903,MISSING_PDF,YES,NO,NO,
26100904,MISSING_PDF,YES,NO,NO,
26100906,MISSING_PDF,YES,NO,NO,
26100907,MISSING_PDF,YES,NO,NO,
26100908,MISSING_PDF,YES,NO,NO,
26100910,MISSING_PDF,YES,NO,NO,
26100915,MISSING_PDF,YES,NO,NO,
26100926,MISSING_PDF,YES,NO,NO,
26100928,MISSING_PDF,YES,NO,NO,
26100929,MISSING_PDF,YES,NO,NO,
26100938,MISSING_PDF,YES,NO,NO,
26100939,MISSING_PDF,YES,NO,NO,
26100940,MISSING_PDF,YES,NO,NO,
26100941,MISSING_PDF,YES,NO,NO,
26100944,MISSING_PDF,YES,NO,NO,
26100945,MISSING_PDF,YES,NO,NO,
26100946,MISSING_PDF,YES,NO,NO,
26100962,MISSING_PDF,YES,NO,NO,
26100963,MISSING_PDF,YES,NO,NO,
26100978,MISSING_PDF,YES,NO,NO,
26100993,MISSING_PDF,YES,NO,NO,
26100994,MISSING_PDF,YES,NO,NO,
26100995,MISSING_PDF,YES,NO,NO,
26100996,MISSING_PDF,YES,NO,NO,
26100997,MISSING_PDF,YES,NO,NO,
26100999,MISSING_PDF,YES,NO,NO,
26101001,MISSING_PDF,YES,NO,NO,
26101003,MISSING_PDF,YES,NO,NO,
26101004,MISSING_PDF,YES,NO,NO,
26101005,MISSING_PDF,YES,NO,NO,
26101006,MISSING_PDF,YES,NO,NO,
26101007,MISSING_PDF,YES,NO,NO,
26101008,MISSING_PDF,YES,NO,NO,
26101009,MISSING_PDF,YES,NO,NO,
26101010,MISSING_PDF,YES,NO,NO,
26101011,MISSING_PDF,YES,NO,NO,
26101013,MISSING_PDF,YES,NO,NO,
26101017,MISSING_PDF,YES,NO,NO,
26101018,MISSING_PDF,YES,NO,NO,
26101019,MISSING_PDF,YES,NO,NO,
26101022,MISSING_PDF,YES,NO,NO,
26101023,MISSING_PDF,YES,NO,NO,
26101026,MISSING_PDF,YES,NO,NO,
26101027,MISSING_PDF,YES,NO,NO,
26101028,MISSING_PDF,YES,NO,NO,
26101029,MISSING_PDF,YES,NO,NO,
26101030,MISSING_PDF,YES,NO,NO,
26101031,MISSING_PDF,YES,NO,NO,
26101033,MISSING_PDF,YES,NO,NO,
26101034,MISSING_PDF,YES,NO,NO,
26101036,MISSING_PDF,YES,NO,NO,
26101038,MISSING_PDF,YES,NO,NO,
26101039,MISSING_PDF,YES,NO,NO,
26101040,MISSING_PDF,YES,NO,NO,
26101085,MISSING_PDF,YES,NO,NO,
26101095,MISSING_PDF,YES,NO,NO,
26101111,MISSING_PDF,YES,NO,NO,
26101112,MISSING_PDF,YES,NO,NO,
26101113,MISSING_PDF,YES,NO,NO,
26101114,MISSING_PDF,YES,NO,NO,
26101141,MISSING_PDF,YES,NO,NO,
26101161,MISSING_PDF,YES,NO,NO,
26101163,MISSING_PDF,YES,NO,NO,
26101164,MISSING_PDF,YES,NO,NO,
26101165,MISSING_PDF,YES,NO,NO,
26101166,MISSING_PDF,YES,NO,NO,
26101167,MISSING_PDF,YES,NO,NO,
26101168,MISSING_PDF,YES,NO,NO,
26101169,MISSING_PDF,YES,NO,NO,
26101170,MISSING_PDF,YES,NO,NO,
26101171,MISSING_PDF,YES,NO,NO,
26101172,MISSING_PDF,YES,NO,NO,
26101173,MISSING_PDF,YES,NO,NO,
26101174,MISSING_PDF,YES,NO,NO,
26101175,MISSING_PDF,YES,NO,NO,
26101176,MISSING_PDF,YES,NO,NO,
26101178,MISSING_PDF,YES,NO,NO,
26101182,MISSING_PDF,YES,NO,NO,
26101183,MISSING_PDF,YES,NO,NO,
26101184,MISSING_PDF,YES,NO,NO,
26101186,MISSING_PDF,YES,NO,NO,
26101187,MISSING_PDF,YES,NO,NO,
26101188,MISSING_PDF,YES,NO,NO,
26101189,MISSING_PDF,YES,NO,NO,
26101190,MISSING_PDF,YES,NO,NO,
26101193,MISSING_PDF,YES,NO,NO,
26101195,MISSING_PDF,YES,NO,NO,
26101199,MISSING_PDF,YES,NO,NO,
26201694,MISSING_PDF,YES,NO,NO,
26202088,MISSING_PDF,YES,NO,NO,
26202089,MISSING_PDF,YES,NO,NO,
26202090,MISSING_PDF,YES,NO,NO,
26202091,MISSING_PDF,YES,NO,NO,
26202092,MISSING_PDF,YES,NO,NO,
26202093,MISSING_PDF,YES,NO,NO,
26202094,MISSING_PDF,YES,NO,NO,
26202095,MISSING_PDF,YES,NO,NO,
26202096,MISSING_PDF,YES,NO,NO,
26202097,MISSING_PDF,YES,NO,NO,
26202098,MISSING_PDF,YES,NO,NO,
26202099,MISSING_PDF,YES,NO,NO,
26202100,MISSING_PDF,YES,NO,NO,
26202101,MISSING_PDF,YES,NO,NO,
26202102,MISSING_PDF,YES,NO,NO,
26202103,MISSING_PDF,YES,NO,NO,
26202104,MISSING_PDF,YES,NO,NO,
26202105,MISSING_PDF,YES,NO,NO,
26202106,MISSING_PDF,YES,NO,NO,
26202107,MISSING_PDF,YES,NO,NO,
26202108,MISSING_PDF,YES,NO,NO,
26202109,MISSING_PDF,YES,NO,NO,
26202110,MISSING_PDF,YES,NO,NO,
26202111,MISSING_PDF,YES,NO,NO,
26202113,MISSING_PDF,YES,NO,NO,
26202115,MISSING_PDF,YES,NO,NO,
26202116,MISSING_PDF,YES,NO,NO,
26202117,MISSING_PDF,YES,NO,NO,
26202118,MISSING_PDF,YES,NO,NO,
26202119,MISSING_PDF,YES,NO,NO,
26202120,MISSING_PDF,YES,NO,NO,
26202121,MISSING_PDF,YES,NO,NO,
26202122,MISSING_PDF,YES,NO,NO,
26202123,MISSING_PDF,YES,NO,NO,
26202124,MISSING_PDF,YES,NO,NO,
26202127,MISSING_PDF,YES,NO,NO,
26202128,MISSING_PDF,YES,NO,NO,
26202132,MISSING_PDF,YES,NO,NO,
26202133,MISSING_PDF,YES,NO,NO,
26202134,MISSING_PDF,YES,NO,NO,
26202135,MISSING_PDF,YES,NO,NO,
26202136,MISSING_PDF,YES,NO,NO,
26202137,MISSING_PDF,YES,NO,NO,
26202138,MISSING_PDF,YES,NO,NO,
26202139,MISSING_PDF,YES,NO,NO,
26202140,MISSING_PDF,YES,NO,NO,
26202141,MISSING_PDF,YES,NO,NO,
26202142,MISSING_PDF,YES,NO,NO,
26202143,MISSING_PDF,YES,NO,NO,
26202144,MISSING_PDF,YES,NO,NO,
26202146,MISSING_PDF,YES,NO,NO,
26202147,MISSING_PDF,YES,NO,NO,
26202149,MISSING_PDF,YES,NO,NO,
26202150,MISSING_PDF,YES,NO,NO,
26202151,MISSING_PDF,YES,NO,NO,
26202153,MISSING_PDF,YES,NO,NO,
26202154,MISSING_PDF,YES,NO,NO,
26202155,MISSING_PDF,YES,NO,NO,
26202156,MISSING_PDF,YES,NO,NO,
26202157,MISSING_PDF,YES,NO,NO,
26202158,MISSING_PDF,YES,NO,NO,
26202159,MISSING_PDF,YES,NO,NO,
26202162,MISSING_PDF,YES,NO,NO,
26202163,MISSING_PDF,YES,NO,NO,
26202164,MISSING_PDF,YES,NO,NO,
26202165,MISSING_PDF,YES,NO,NO,
26202166,MISSING_PDF,YES,NO,NO,
26202167,MISSING_PDF,YES,NO,NO,
26202168,MISSING_PDF,YES,NO,NO,
26202171,MISSING_PDF,YES,NO,NO,
26202174,MISSING_PDF,YES,NO,NO,
26202175,MISSING_PDF,YES,NO,NO,
26202176,MISSING_PDF,YES,NO,NO,
26202177,MISSING_PDF,YES,NO,NO,
26202178,MISSING_PDF,YES,NO,NO,
26202179,MISSING_PDF,YES,NO,NO,
26202181,MISSING_PDF,YES,NO,NO,
26202182,MISSING_PDF,YES,NO,NO,
26202183,MISSING_PDF,YES,NO,NO,
26202184,MISSING_PDF,YES,NO,NO,
26202185,MISSING_PDF,YES,NO,NO,
26202186,MISSING_PDF,YES,NO,NO,
26202187,MISSING_PDF,YES,NO,NO,
26202188,MISSING_PDF,YES,NO,NO,
26202189,MISSING_PDF,YES,NO,NO,
26202190,MISSING_PDF,YES,NO,NO,
26202191,MISSING_PDF,YES,NO,NO,
26202192,MISSING_PDF,YES,NO,NO,
26202193,MISSING_PDF,YES,NO,NO,
26202194,MISSING_PDF,YES,NO,NO,
26202195,MISSING_PDF,YES,NO,NO,
26202196,MISSING_PDF,YES,NO,NO,
26202197,MISSING_PDF,YES,NO,NO,
26202198,MISSING_PDF,YES,NO,NO,
26202199,MISSING_PDF,YES,NO,NO,
26202201,MISSING_PDF,YES,NO,NO,
26202203,MISSING_PDF,YES,NO,NO,
26202204,MISSING_PDF,YES,NO,NO,
26202206,MISSING_PDF,YES,NO,NO,
26202208,MISSING_PDF,YES,NO,NO,
26202209,MISSING_PDF,YES,NO,NO,
26202210,MISSING_PDF,YES,NO,NO,
26202211,MISSING_PDF,YES,NO,NO,
26202212,MISSING_PDF,YES,NO,NO,
26202213,MISSING_PDF,YES,NO,NO,
26202214,MISSING_PDF,YES,NO,NO,
26202215,MISSING_PDF,YES,NO,NO,
26202216,MISSING_PDF,YES,NO,NO,
26202217,MISSING_PDF,YES,NO,NO,
26202218,MISSING_PDF,YES,NO,NO,
26202219,MISSING_PDF,YES,NO,NO,
26202220,MISSING_PDF,YES,NO,NO,
26202221,MISSING_PDF,YES,NO,NO,
26202222,MISSING_PDF,YES,NO,NO,
26202223,MISSING_PDF,YES,NO,NO,
26202224,MISSING_PDF,YES,NO,NO,
26202225,MISSING_PDF,YES,NO,NO,
26202226,MISSING_PDF,YES,NO,NO,
26202227,MISSING_PDF,YES,NO,NO,
26202229,MISSING_PDF,YES,NO,NO,
26202230,MISSING_PDF,YES,NO,NO,
26202235,MISSING_PDF,YES,NO,NO,
26202236,MISSING_PDF,YES,NO,NO,
26202238,MISSING_PDF,YES,NO,NO,
26202240,MISSING_PDF,YES,NO,NO,
26202243,MISSING_PDF,YES,NO,NO,
26202244,MISSING_PDF,YES,NO,NO,
26202246,MISSING_PDF,YES,NO,NO,
26202248,MISSING_PDF,YES,NO,NO,
26202250,MISSING_PDF,YES,NO,NO,
26202252,MISSING_PDF,YES,NO,NO,
26202253,MISSING_PDF,YES,NO,NO,
26202254,MISSING_PDF,YES,NO,NO,
26202255,MISSING_PDF,YES,NO,NO,
26202256,MISSING_PDF,YES,NO,NO,
26202258,MISSING_PDF,YES,NO,NO,
26202259,MISSING_PDF,YES,NO,NO,
26202260,MISSING_PDF,YES,NO,NO,
26202261,MISSING_PDF,YES,NO,NO,
26202262,MISSING_PDF,YES,NO,NO,
26202263,MISSING_PDF,YES,NO,NO,
26202266,MISSING_PDF,YES,NO,NO,
26202267,MISSING_PDF,YES,NO,NO,
26202268,MISSING_PDF,YES,NO,NO,
26202269,MISSING_PDF,YES,NO,NO,
26202270,MISSING_PDF,YES,NO,NO,
26202278,MISSING_PDF,YES,NO,NO,
26202281,MISSING_PDF,YES,NO,NO,
26202282,MISSING_PDF,YES,NO,NO,
26202286,MISSING_PDF,YES,NO,NO,
26202287,MISSING_PDF,YES,NO,NO,
26202289,MISSING_PDF,YES,NO,NO,
26202290,MISSING_PDF,YES,NO,NO,
26202291,MISSING_PDF,YES,NO,NO,
26202292,MISSING_PDF,YES,NO,NO,
26202293,MISSING_PDF,YES,NO,NO,
26202294,MISSING_PDF,YES,NO,NO,
26202295,MISSING_PDF,YES,NO,NO,
26202296,MISSING_PDF,YES,NO,NO,
26202298,MISSING_PDF,YES,NO,NO,
26202299,MISSING_PDF,YES,NO,NO,
26202300,MISSING_PDF,YES,NO,NO,
26202301,MISSING_PDF,YES,NO,NO,
26202303,MISSING_PDF,YES,NO,NO,
26202304,MISSING_PDF,YES,NO,NO,
26202305,MISSING_PDF,YES,NO,NO,
26202310,MISSING_PDF,YES,NO,NO,
26202311,MISSING_PDF,YES,NO,NO,
26202314,MISSING_PDF,YES,NO,NO,
26202319,MISSING_PDF,YES,NO,NO,
26202320,MISSING_PDF,YES,NO,NO,
26202321,MISSING_PDF,YES,NO,NO,
26202322,MISSING_PDF,YES,NO,NO,
26202323,MISSING_PDF,YES,NO,NO,
26202324,MISSING_PDF,YES,NO,NO,
26202325,MISSING_PDF,YES,NO,NO,
26202327,MISSING_PDF,YES,NO,NO,
26202328,MISSING_PDF,YES,NO,NO,
26202332,MISSING_PDF,YES,NO,NO,
26202334,MISSING_PDF,YES,NO,NO,
26202335,MISSING_PDF,YES,NO,NO,
26202336,MISSING_PDF,YES,NO,NO,
26202337,MISSING_PDF,YES,NO,NO,
26202338,MISSING_PDF,YES,NO,NO,
26202342,MISSING_PDF,YES,NO,NO,
26202343,MISSING_PDF,YES,NO,NO,
26202345,MISSING_PDF,YES,NO,NO,
26202346,MISSING_PDF,YES,NO,NO,
26202348,MISSING_PDF,YES,NO,NO,
26202349,MISSING_PDF,YES,NO,NO,
26202350,MISSING_PDF,YES,NO,NO,
26202351,MISSING_PDF,YES,NO,NO,
26202352,MISSING_PDF,YES,NO,NO,
26202353,MISSING_PDF,YES,NO,NO,
26202354,MISSING_PDF,YES,NO,NO,
26202358,MISSING_PDF,YES,NO,NO,
26202359,MISSING_PDF,YES,NO,NO,
26202360,MISSING_PDF,YES,NO,NO,
26202361,MISSING_PDF,YES,NO,NO,
26202362,MISSING_PDF,YES,NO,NO,
26202364,MISSING_PDF,YES,NO,NO,
26202367,MISSING_PDF,YES,NO,NO,
26202368,MISSING_PDF,YES,NO,NO,
26202369,MISSING_PDF,YES,NO,NO,
26202370,MISSING_PDF,YES,NO,NO,
26202372,MISSING_PDF,YES,NO,NO,
26202373,MISSING_PDF,YES,NO,NO,
26202378,MISSING_PDF,YES,NO,NO,
26202380,MISSING_PDF,YES,NO,NO,
26202381,MISSING_PDF,YES,NO,NO,
26202384,MISSING_PDF,YES,NO,NO,
26202385,MISSING_PDF,YES,NO,NO,
26202388,MISSING_PDF,YES,NO,NO,
26202389,MISSING_PDF,YES,NO,NO,
26202392,MISSING_PDF,YES,NO,NO,
26202393,MISSING_PDF,YES,NO,NO,
26202402,MISSING_PDF,YES,NO,NO,
26202405,MISSING_PDF,YES,NO,NO,
26202407,MISSING_PDF,YES,NO,NO,
26202408,MISSING_PDF,YES,NO,NO,
26202409,MISSING_PDF,YES,NO,NO,
26202412,MISSING_PDF,YES,NO,NO,
26202415,MISSING_PDF,YES,NO,NO,
26202419,MISSING_PDF,YES,NO,NO,
26202420,MISSING_PDF,YES,NO,NO,
26202421,MISSING_PDF,YES,NO,NO,
26202422,MISSING_PDF,YES,NO,NO,
26202423,MISSING_PDF,YES,NO,NO,
26202425,MISSING_PDF,YES,NO,NO,
26202426,MISSING_PDF,YES,NO,NO,
26202437,MISSING_PDF,YES,NO,NO,
26202438,MISSING_PDF,YES,NO,NO,
26202440,MISSING_PDF,YES,NO,NO,
26202442,MISSING_PDF,YES,NO,NO,
26202444,MISSING_PDF,YES,NO,NO,
26202445,MISSING_PDF,YES,NO,NO,
26202447,MISSING_PDF,YES,NO,NO,
26202449,MISSING_PDF,YES,NO,NO,
26202450,MISSING_PDF,YES,NO,NO,
26202461,MISSING_PDF,YES,NO,NO,
26202462,MISSING_PDF,YES,NO,NO,
26202463,MISSING_PDF,YES,NO,NO,
26202465,MISSING_PDF,YES,NO,NO,
26202469,MISSING_PDF,YES,NO,NO,
26202470,MISSING_PDF,YES,NO,NO,
26202471,MISSING_PDF,YES,NO,NO,
26202472,MISSING_PDF,YES,NO,NO,
26202473,MISSING_PDF,YES,NO,NO,
26202474,MISSING_PDF,YES,NO,NO,
26202482,MISSING_PDF,YES,NO,NO,
26202487,MISSING_PDF,YES,NO,NO,
26202488,MISSING_PDF,YES,NO,NO,
26202489,MISSING_PDF,YES,NO,NO,
26202492,MISSING_PDF,YES,NO,NO,
26202493,MISSING_PDF,YES,NO,NO,
26202494,MISSING_PDF,YES,NO,NO,
26202514,MISSING_PDF,YES,NO,NO,
26202516,MISSING_PDF,YES,NO,NO,
26202517,MISSING_PDF,YES,NO,NO,
26202522,MISSING_PDF,YES,NO,NO,
26202525,MISSING_PDF,YES,NO,NO,
26202534,MISSING_PDF,YES,NO,NO,
26202541,MISSING_PDF,YES,NO,NO,
26202553,MISSING_PDF,YES,NO,NO,
26202554,MISSING_PDF,YES,NO,NO,
26202557,MISSING_PDF,YES,NO,NO,
26202558,MISSING_PDF,YES,NO,NO,
26202559,MISSING_PDF,YES,NO,NO,
26202560,MISSING_PDF,YES,NO,NO,
26202561,MISSING_PDF,YES,NO,NO,
26202562,MISSING_PDF,YES,NO,NO,
26202563,MISSING_PDF,YES,NO,NO,
26202564,MISSING_PDF,YES,NO,NO,
26202565,MISSING_PDF,YES,NO,NO,
26202566,MISSING_PDF,YES,NO,NO,
26202567,MISSING_PDF,YES,NO,NO,
26202578,MISSING_PDF,YES,NO,NO,
26202584,MISSING_PDF,YES,NO,NO,
26202612,MISSING_PDF,YES,NO,NO,
26202624,MISSING_PDF,YES,NO,NO,
26202627,MISSING_PDF,YES,NO,NO,
26202644,MISSING_PDF,YES,NO,NO,
26202661,MISSING_PDF,YES,NO,NO,
26202673,MISSING_PDF,YES,NO,NO,
26202675,MISSING_PDF,YES,NO,NO,
26202680,MISSING_PDF,YES,NO,NO,
26202681,MISSING_PDF,YES,NO,NO,
26202682,MISSING_PDF,YES,NO,NO,
26202683,MISSING_PDF,YES,NO,NO,
26202686,MISSING_PDF,YES,NO,NO,
26202687,MISSING_PDF,YES,NO,NO,
26202697,MISSING_PDF,YES,NO,NO,
26202701,MISSING_PDF,YES,NO,NO,
26202706,MISSING_PDF,YES,NO,NO,
26202713,MISSING_PDF,YES,NO,NO,
26202730,MISSING_PDF,YES,NO,NO,
26202758,MISSING_PDF,YES,NO,NO,
26202760,MISSING_PDF,YES,NO,NO,
26202813,MISSING_PDF,YES,NO,NO,
26202814,MISSING_PDF,YES,NO,NO,
26202838,MISSING_PDF,YES,NO,NO,
26202856,MISSING_PDF,YES,NO,NO,
26202860,MISSING_PDF,YES,NO,NO,
26202861,MISSING_PDF,YES,NO,NO,
26202862,MISSING_PDF,YES,NO,NO,
26202863,MISSING_PDF,YES,NO,NO,
26202882,MISSING_PDF,YES,NO,NO,
26202886,MISSING_PDF,YES,NO,NO,
26202890,MISSING_PDF,YES,NO,NO,
26202904,MISSING_PDF,YES,NO,NO,
26202914,MISSING_PDF,YES,NO,NO,
26202915,MISSING_PDF,YES,NO,NO,
26202917,MISSING_PDF,YES,NO,NO,
26202920,MISSING_PDF,YES,NO,NO,
26202937,MISSING_PDF,YES,NO,NO,
26202946,MISSING_PDF,YES,NO,NO,
26202948,MISSING_PDF,YES,NO,NO,
26202956,MISSING_PDF,YES,NO,NO,
26202957,MISSING_PDF,YES,NO,NO,
26202958,MISSING_PDF,YES,NO,NO,
26202960,MISSING_PDF,YES,NO,NO,
26202982,MISSING_PDF,YES,NO,NO,
26203000,MISSING_PDF,YES,NO,NO,
26203006,MISSING_PDF,YES,NO,NO,
26203009,MISSING_PDF,YES,NO,NO,
26203011,MISSING_PDF,YES,NO,NO,
26203013,MISSING_PDF,YES,NO,NO,
26203017,MISSING_PDF,YES,NO,NO,
26203018,MISSING_PDF,YES,NO,NO,
26203024,MISSING_PDF,YES,NO,NO,
26203040,MISSING_PDF,YES,NO,NO,
26203041,MISSING_PDF,YES,NO,NO,
26203048,MISSING_PDF,YES,NO,NO,
26203061,MISSING_PDF,YES,NO,NO,
26203062,MISSING_PDF,YES,NO,NO,
26203069,MISSING_PDF,YES,NO,NO,
26203072,MISSING_PDF,YES,NO,NO,
26203076,MISSING_PDF,YES,NO,NO,
26203077,MISSING_PDF,YES,NO,NO,
26203081,MISSING_PDF,YES,NO,NO,
26203089,MISSING_PDF,YES,NO,NO,
26203091,MISSING_PDF,YES,NO,NO,
26203098,MISSING_PDF,YES,NO,NO,
26203099,MISSING_PDF,YES,NO,NO,
26203101,MISSING_PDF,YES,NO,NO,
26203102,MISSING_PDF,YES,NO,NO,
26203103,MISSING_PDF,YES,NO,NO,
26203105,MISSING_PDF,YES,NO,NO,
26203107,MISSING_PDF,YES,NO,NO,
26203118,MISSING_PDF,YES,NO,NO,
26203130,MISSING_PDF,YES,NO,NO,
26203136,MISSING_PDF,YES,NO,NO,
26203138,MISSING_PDF,YES,NO,NO,
26203139,MISSING_PDF,YES,NO,NO,
26203141,MISSING_PDF,YES,NO,NO,
26203146,MISSING_PDF,YES,NO,NO,
26203150,MISSING_PDF,YES,NO,NO,
26203151,MISSING_PDF,YES,NO,NO,
26203152,MISSING_PDF,YES,NO,NO,
26203154,MISSING_PDF,YES,NO,NO,
26203155,MISSING_PDF,YES,NO,NO,
26203160,MISSING_PDF,YES,NO,NO,
26203168,MISSING_PDF,YES,NO,NO,
26203170,MISSING_PDF,YES,NO,NO,
26203171,MISSING_PDF,YES,NO,NO,
26203193,MISSING_PDF,YES,NO,NO,
26203199,MISSING_PDF,YES,NO,NO,
26203200,MISSING_PDF,YES,NO,NO,
26203201,MISSING_PDF,YES,NO,NO,
26203220,MISSING_PDF,YES,NO,NO,
26203243,MISSING_PDF,YES,NO,NO,
26203249,MISSING_PDF,YES,NO,NO,
26203250,MISSING_PDF,YES,NO,NO,
26203251,MISSING_PDF,YES,NO,NO,
26203256,MISSING_PDF,YES,NO,NO,
26203257,MISSING_PDF,YES,NO,NO,
26203258,MISSING_PDF,YES,NO,NO,
26203259,MISSING_PDF,YES,NO,NO,
26203261,MISSING_PDF,YES,NO,NO,
26203262,MISSING_PDF,YES,NO,NO,
26203263,MISSING_PDF,YES,NO,NO,
26203264,MISSING_PDF,YES,NO,NO,
26203266,MISSING_PDF,YES,NO,NO,
26203269,MISSING_PDF,YES,NO,NO,
26203270,MISSING_PDF,YES,NO,NO,
26203271,MISSING_PDF,YES,NO,NO,
26203272,MISSING_PDF,YES,NO,NO,
26203273,MISSING_PDF,YES,NO,NO,
26203274,MISSING_PDF,YES,NO,NO,
26203275,MISSING_PDF,YES,NO,NO,
26203277,MISSING_PDF,YES,NO,NO,
26203278,MISSING_PDF,YES,NO,NO,
26203280,MISSING_PDF,YES,NO,NO,
26203286,MISSING_PDF,YES,NO,NO,
26203287,MISSING_PDF,YES,NO,NO,
26203288,MISSING_PDF,YES,NO,NO,
26203291,MISSING_PDF,YES,NO,NO,
26203297,MISSING_PDF,YES,NO,NO,
26203298,MISSING_PDF,YES,NO,NO,
26203299,MISSING_PDF,YES,NO,NO,
26203300,MISSING_PDF,YES,NO,NO,
26203301,MISSING_PDF,YES,NO,NO,
26203306,MISSING_PDF,YES,NO,NO,
26203308,MISSING_PDF,YES,NO,NO,
26203311,MISSING_PDF,YES,NO,NO,
26203313,MISSING_PDF,YES,NO,NO,
26203314,MISSING_PDF,YES,NO,NO,
26203315,MISSING_PDF,YES,NO,NO,
26203321,MISSING_PDF,YES,NO,NO,
26203327,MISSING_PDF,YES,NO,NO,
26203328,MISSING_PDF,YES,NO,NO,
26203329,MISSING_PDF,YES,NO,NO,
26203330,MISSING_PDF,YES,NO,NO,
26203331,MISSING_PDF,YES,NO,NO,
26203332,MISSING_PDF,YES,NO,NO,
26203333,MISSING_PDF,YES,NO,NO,
26203334,MISSING_PDF,YES,NO,NO,
26203335,MISSING_PDF,YES,NO,NO,
26203336,MISSING_PDF,YES,NO,NO,
26203337,MISSING_PDF,YES,NO,NO,
26203338,MISSING_PDF,YES,NO,NO,
26203339,MISSING_PDF,YES,NO,NO,
26203340,MISSING_PDF,YES,NO,NO,
26203341,MISSING_PDF,YES,NO,NO,
26203342,MISSING_PDF,YES,NO,NO,
26203343,MISSING_PDF,YES,NO,NO,
26203344,MISSING_PDF,YES,NO,NO,
26203345,MISSING_PDF,YES,NO,NO,
26203346,MISSING_PDF,YES,NO,NO,
26203347,MISSING_PDF,YES,NO,NO,
26203348,MISSING_PDF,YES,NO,NO,
26203349,MISSING_PDF,YES,NO,NO,
26203350,MISSING_PDF,YES,NO,NO,
26203351,MISSING_PDF,YES,NO,NO,
26203352,MISSING_PDF,YES,NO,NO,
26203354,MISSING_PDF,YES,NO,NO,
26203355,MISSING_PDF,YES,NO,NO,
26203360,MISSING_PDF,YES,NO,NO,
26203361,MISSING_PDF,YES,NO,NO,
26203370,MISSING_PDF,YES,NO,NO,
26203371,MISSING_PDF,YES,NO,NO,
26203373,MISSING_PDF,YES,NO,NO,
26203376,MISSING_PDF,YES,NO,NO,
26203383,MISSING_PDF,YES,NO,NO,
26203384,MISSING_PDF,YES,NO,NO,
26203385,MISSING_PDF,YES,NO,NO,
26203387,MISSING_PDF,YES,NO,NO,
26203389,MISSING_PDF,YES,NO,NO,
26203391,MISSING_PDF,YES,NO,NO,
26203392,MISSING_PDF,YES,NO,NO,
26300188,MISSING_PDF,YES,NO,NO,
26300216,MISSING_PDF,YES,NO,NO,
26300217,MISSING_PDF,YES,NO,NO,
26300229,MISSING_PDF,YES,NO,NO,
26300237,MISSING_PDF,YES,NO,NO,
26300238,MISSING_PDF,YES,NO,NO,
26300241,MISSING_PDF,YES,NO,NO,
26300244,MISSING_PDF,YES,NO,NO,
26300245,MISSING_PDF,YES,NO,NO,
26300246,MISSING_PDF,YES,NO,NO,
26300247,MISSING_PDF,YES,NO,NO,
26300248,MISSING_PDF,YES,NO,NO,
26300249,MISSING_PDF,YES,NO,NO,
26300250,MISSING_PDF,YES,NO,NO,
26300251,MISSING_PDF,YES,NO,NO,
26300252,MISSING_PDF,YES,NO,NO,
26300253,MISSING_PDF,YES,NO,NO,
26300254,MISSING_PDF,YES,NO,NO,
26300255,MISSING_PDF,YES,NO,NO,
26300256,MISSING_PDF,YES,NO,NO,
26300257,MISSING_PDF,YES,NO,NO,
26300258,MISSING_PDF,YES,NO,NO,
26300259,MISSING_PDF,YES,NO,NO,
26300260,MISSING_PDF,YES,NO,NO,
26300261,MISSING_PDF,YES,NO,NO,
26300262,MISSING_PDF,YES,NO,NO,
26300263,MISSING_PDF,YES,NO,NO,
26300264,MISSING_PDF,YES,NO,NO,
26300265,MISSING_PDF,YES,NO,NO,
26300266,MISSING_PDF,YES,NO,NO,
26300267,MISSING_PDF,YES,NO,NO,
26300268,MISSING_PDF,YES,NO,NO,
26300269,MISSING_PDF,YES,NO,NO,
26300270,MISSING_PDF,YES,NO,NO,
26300271,MISSING_PDF,YES,NO,NO,
26300272,MISSING_PDF,YES,NO,NO,
26300273,MISSING_PDF,YES,NO,NO,
26300274,MISSING_PDF,YES,NO,NO,
26300275,MISSING_PDF,YES,NO,NO,
26300276,MISSING_PDF,YES,NO,NO,
26300277,MISSING_PDF,YES,NO,NO,
26300278,MISSING_PDF,YES,NO,NO,
26300279,MISSING_PDF,YES,NO,NO,
26300280,MISSING_PDF,YES,NO,NO,
26300281,MISSING_PDF,YES,NO,NO,
26300282,MISSING_PDF,YES,NO,NO,
26300283,MISSING_PDF,YES,NO,NO,
26300284,MISSING_PDF,YES,NO,NO,
26400440,MISSING_PDF,YES,NO,NO,
26400451,MISSING_PDF,YES,NO,NO,
26400452,MISSING_PDF,YES,NO,NO,
26400453,MISSING_PDF,YES,NO,NO,
26400454,MISSING_PDF,YES,NO,NO,
26400455,MISSING_PDF,YES,NO,NO,
26400456,MISSING_PDF,YES,NO,NO,
26400457,MISSING_PDF,YES,NO,NO,
26400458,MISSING_PDF,YES,NO,NO,
26400459,MISSING_PDF,YES,NO,NO,
26400460,MISSING_PDF,YES,NO,NO,
26400461,MISSING_PDF,YES,NO,NO,
26400462,MISSING_PDF,YES,NO,NO,
26400463,MISSING_PDF,YES,NO,NO,
26400464,MISSING_PDF,YES,NO,NO,
26400465,MISSING_PDF,YES,NO,NO,
26400466,MISSING_PDF,YES,NO,NO,
26400467,MISSING_PDF,YES,NO,NO,
26400468,MISSING_PDF,YES,NO,NO,
26400469,MISSING_PDF,YES,NO,NO,
26400470,MISSING_PDF,YES,NO,NO,
26400471,MISSING_PDF,YES,NO,NO,
26400472,MISSING_PDF,YES,NO,NO,
26400473,MISSING_PDF,YES,NO,NO,
26400474,MISSING_PDF,YES,NO,NO,
26400475,MISSING_PDF,YES,NO,NO,
26400476,MISSING_PDF,YES,NO,NO,
26400477,MISSING_PDF,YES,NO,NO,
26400478,MISSING_PDF,YES,NO,NO,
26400479,MISSING_PDF,YES,NO,NO,
26400480,MISSING_PDF,YES,NO,NO,
26400481,MISSING_PDF,YES,NO,NO,
26400482,MISSING_PDF,YES,NO,NO,
26400483,MISSING_PDF,YES,NO,NO,
26400484,MISSING_PDF,YES,NO,NO,
26400485,MISSING_PDF,YES,NO,NO,
26400486,MISSING_PDF,YES,NO,NO,
26400487,MISSING_PDF,YES,NO,NO,
26400488,MISSING_PDF,YES,NO,NO,
26400489,MISSING_PDF,YES,NO,NO,
26400490,MISSING_PDF,YES,NO,NO,
26400491,MISSING_PDF,YES,NO,NO,
26400492,MISSING_PDF,YES,NO,NO,
26400493,MISSING_PDF,YES,NO,NO,
26400494,MISSING_PDF,YES,NO,NO,
26400495,MISSING_PDF,YES,NO,NO,
26400496,MISSING_PDF,YES,NO,NO,
26500002,MISSING_PDF,YES,NO,NO,
26500003,MISSING_PDF,YES,NO,NO,
26500004,MISSING_PDF,YES,NO,NO,
